productId,Product
0,2019 P20 TWS Original Factory Earbuds 6D Stereo Sound Wireless Headphones 4-5 Hours Playing Time i18 i20 i200 tws Earphones
1,Factory customized silicone rubber audio headphones earbuds
2,wired Volume limited 3.5mm audio fm kids headphones with mic
3,Mini Headphones Single Ear Phone Communication Bluetooth Earphones Wireless Earpiece for Cellphone
4,Reable headphones for SENNHEISE MOMENTUM Wired Bluetooth Wireless 3.5mm jack
5,2019 Newest Original Touch i12 TWS earphone Siri High Quality Mini BT 5.0 True Wireless Earbuds headphone
6,Popular Cellphone Wireless Bluetooth headphones for all mobile phone bluetooth Earphone wireless
7,mini in ear sport deporte gorro con Ohrhorer audifonos inalambricos bluetooth TWS 5.0 Hifi earbud wireless earphone & headphone
8,New Bluetooth Earphone 8D Stereo Wireless Earbuds Mini Headset Headphone
9,FancyTech i7s Wireless Earbuds Sports BT In-Ear Headphones Stereo Headphones
10,DOQAUS Flip Speaker Headphone Wholesale OEM Over Ear Sport Mobile Bluetooth Wireless Headphone
11,Joyroom mobile accessories tws bluetooths earphone wireless headphones
12,Shenzhen Factory High Performance Stereo Auriculares Gaming Headphones G2000 LED Gaming Headset with Microphone for PS4/PC
13,B3 Free samples OEM headband style foldable best wireless handsfree headset earphone earbuds audifonos bluetooth headphones
14,Vitog Q32 TWS Headset Ture Wireless Earphones Bluetooths headphone 5.0 Mini Earbuds With 1500mah power bank function
15,Promotional 2018 Wireless Headphones Stereo 5.0 Bluetooth Mini Earphone In-ear TWS Earbuds for Phone
16,i7/i7s tws /i8//i9/i9s earphone Mini TWS In Ear BT Earphone wireless Headphone hifi Twins True Wireless Earbuds
17,Free Shipping 1.2M 3.5mm Hifi Earphone With Mic FLOVEME Wired Earphone Headphone
18,Updated 10 hours long working time OEM Logo 5.0 wireless headphone over ear wireless headset wireless earphone headphone
19,Eonline Wireless Earphone 2600mAh power With Lights Mini In-ear Wireless Stereo automatic matching Earbud with Mic Headphone
20,"Active Noise Cancelling Wireless Headset, Honcam Over-Ear Bluetooth Headphones with Deep Bass On Ear Control Buttons"
21,Cheap bulk OEM China TV mobile headset wireless earphone headphone
22,Best music mini wireless headphones i7s tws i16 tws amazon best sellers earphone tws wireless earbuds
23,2019 Innovative Mini Sweatproof in-Ear Headphones True Wireless Sport TWS Bluetooth Earphone with V5.0 and Mic for Smartphones
24,Wireless Headphones I7S TWS Twins Bluetooths Wireless Earbuds for iPhone
25,2019 Gift TWS True Wireless Earbuds 5.0 Bluetooth Earphone Headset Stereo Two Earbuds Bluetooth Headphone
26,Ice-Bingo 2019 Newest Original Touch i12 TWS earphone Siri High Quality Mini BT 5.0 True Wireless Earbuds headphone
27,1.2 M Earphones Wired 3.5mm with Mic 1.1M In-ear Stereo headphone for iphone 4/5/6
28,Hot Sell Cheap Headphone In Ear Sport Earbuds Super Bass Noiseproof Earphone With 4D Stereo Sound
29,"Dropshipping i11 TWS bluetooths earbuds bluetooths earphones headphone with charging case,portable true wireless earbuds"
30,Best i7s tws i7s mini wireless bluetooth headphone i7s tws headphone i7s color earphone earbuds with charging box
31,Single Mini Earbuds For Small Ears Headphone Wireless V5.0 Wholesale Sport Earphone Supplier Custom Stereo Oem Headset
32,"2019 Amazon Top selling earphone,i30 bluetooth earphone touch function earphone headphone"
33,2019 100% Original High Quality Bulk Wholesale Mini Pods TWS I12 Mobile Wireless Headphones Factory Directly China
34,Bass Headphone Sample 2019 New Foldable with Mic Deep Bass Blue tooth Wireless Headphones
35,
36,
37,
38,
39,
40,
41,
42,
43,
44,
45,
46,
47,
48,
49,
50,
51,
52,
53,
54,
55,
56,
57,
58,
59,
60,
61,
62,
63,
64,
65,
66,
67,
68,
69,
70,
71,
72,
73,
74,
75,
76,
77,
78,
79,
80,
81,
82,
83,
84,
85,
86,
87,
88,
89,
90,
91,
92,
93,
94,
95,
96,
97,
98,
99,
